,hours,temp,hum
0,0,28.5,92
1,1,28.4,93
2,2,28.2,94
3,3,28.0,95
4,4,26.8,95
5,5,27.3,96
6,6,27.9,96
7,7,28.7,92
8,8,30.1,85
9,9,31.5,80
10,10,32.5,74
11,11,32.4,74
12,12,32.4,75
13,13,29.1,85
14,14,29.5,84
15,15,30.2,80
16,16,28.9,86
17,17,29.5,84
18,18,29.2,87
19,19,29.0,88
20,20,28.8,88
21,21,28.7,88
22,22,28.5,89
23,23,28.8,88
24,24,28.5,90
25,25,28.4,90
26,26,28.3,89
27,27,27.5,92
28,28,26.3,96
29,29,28.3,92
30,30,28.9,91
31,31,29.9,85
32,32,30.3,84
33,33,28.6,90
34,34,27.8,92
35,35,29.3,85
36,36,30.6,81
37,37,31.2,79
38,38,28.7,86
39,39,28.8,86
40,40,29.4,84
41,41,28.3,86
42,42,28.0,89
43,43,27.8,91
44,44,27.7,92
45,45,27.6,94
46,46,27.4,96
47,47,27.3,93
48,48,27.2,94
49,49,27.0,95
50,50,26.8,96
51,51,26.7,96
52,52,26.7,95
53,53,26.9,93
54,54,27.0,93
55,55,27.3,89
56,56,28.2,81
57,57,28.9,77
58,58,29.0,76
59,59,28.6,77
60,60,29.2,74
61,61,29.1,74
62,62,28.9,75
63,63,29.4,73
64,64,29.3,76
65,65,28.3,87
66,66,27.7,92
67,67,27.6,93
68,68,27.6,92
69,69,27.5,93
70,70,27.3,94
71,71,27.3,94
72,72,27.0,94
73,73,25.9,93
74,74,25.6,96
75,75,25.4,97
76,76,25.4,97
77,77,26.4,96
78,78,26.3,95
79,79,26.8,93
80,80,27.3,91
81,81,28.3,87
82,82,28.3,87
83,83,27.6,89
84,84,27.5,90
85,85,28.4,86
86,86,29.1,84
87,87,28.8,85
88,88,28.2,87
89,89,28.6,80
90,90,27.6,88
91,91,27.2,91
92,92,27.0,91
93,93,26.5,94
94,94,26.2,94
95,95,26.8,95
96,96,26.5,96
97,97,25.3,97
98,98,25.6,96
99,99,25.0,96
100,100,25.3,97
101,101,25.9,97
102,102,26.1,97
103,103,26.9,93
104,104,27.9,89
105,105,29.4,82
106,106,30.6,75
107,107,30.0,78
108,108,28.6,88
109,109,29.0,85
110,110,29.5,82
111,111,29.9,78
112,112,30.2,77
113,113,30.2,75
114,114,29.4,79
115,115,29.0,80
116,116,28.6,82
117,117,28.3,84
118,118,27.9,86
119,119,27.9,89
120,120,27.4,90
121,121,27.3,91
122,122,27.0,92
123,123,26.8,93
124,124,26.6,93
125,125,27.4,89
126,126,28.1,88
127,127,29.1,82
128,128,29.7,81
129,129,30.7,77
130,130,27.4,89
131,131,30.6,80
132,132,31.4,76
133,133,31.4,73
134,134,31.4,74
135,135,29.9,81
136,136,29.5,83
137,137,28.8,87
138,138,28.6,89
139,139,28.5,91
140,140,28.4,91
141,141,28.1,90
142,142,27.8,91
143,143,28.0,91
144,144,27.7,93
145,145,27.5,93
146,146,27.3,94
147,147,27.1,95
148,148,26.5,96
149,149,26.7,97
150,150,27.7,88
151,151,28.5,87
152,152,29.8,80
153,153,30.9,76
154,154,30.8,75
155,155,32.2,67
156,156,31.8,69
157,157,31.7,71
158,158,31.8,72
159,159,31.6,73
160,160,31.5,73
161,161,30.9,76
162,162,29.3,89
163,163,27.4,95
164,164,27.1,97
165,165,27.2,97
166,166,27.1,97
167,167,27.5,94
168,168,27.3,93
169,169,27.0,95
170,170,26.9,96
171,171,26.7,96
172,172,26.6,97
173,173,27.0,98
174,174,27.5,94
175,175,28.3,88
176,176,28.7,85
177,177,29.0,83
178,178,30.4,79
179,179,31.7,71
180,180,31.8,71
181,181,32.4,72
182,182,32.0,74
183,183,29.1,87
184,184,27.2,94
185,185,28.9,89
186,186,28.7,91
187,187,28.0,94
188,188,27.4,95
189,189,27.1,95
190,190,27.1,96
191,191,28.0,94
